{"cameraMode":{"drawMode":0,"name":"Shaded","section":"Shading Mode"},"sceneLighting":false,"audioPlay":false,"sceneViewState":{"showFog":true,"showMaterialUpdate":false,"showSkybox":false,"showFlares":true,"showImageEffects":true,"showParticleSystems":true},"in2DMode":false,"pivot":{"x":0.0526123046875,"y":0.1517333984375,"z":-0.2957763671875},"rotation":{"x":0.14733381569385529,"y":0.6555411219596863,"z":-0.13254354894161225,"w":0.7286913990974426},"size":1.0638360977172852,"orthographic":true}