{"cameraMode":{"drawMode":0,"name":"Shaded","section":"Shading Mode"},"sceneLighting":false,"audioPlay":false,"sceneViewState":{"showFog":true,"showMaterialUpdate":false,"showSkybox":false,"showFlares":true,"showImageEffects":true,"showParticleSystems":true},"in2DMode":false,"pivot":{"x":0.057373046875,"y":-0.0614013671875,"z":-0.08447265625},"rotation":{"x":-0.14912888407707215,"y":0.8494138717651367,"z":-0.32994523644447329,"w":-0.38391903042793276},"size":2.143099308013916,"orthographic":true}