{"cameraMode":{"drawMode":0,"name":"Shaded","section":"Shading Mode"},"sceneLighting":false,"audioPlay":false,"sceneViewState":{"showFog":true,"showMaterialUpdate":false,"showSkybox":false,"showFlares":true,"showImageEffects":true,"showParticleSystems":true},"in2DMode":false,"pivot":{"x":-0.4158727526664734,"y":0.5672284960746765,"z":-0.03599124774336815},"rotation":{"x":0.1817779392004013,"y":0.5261802077293396,"z":-0.11628350615501404,"w":0.8225392699241638},"size":1.5152933597564698,"orthographic":true}