{"cameraMode":{"drawMode":0,"name":"Shaded","section":"Shading Mode"},"sceneLighting":false,"audioPlay":false,"sceneViewState":{"showFog":true,"showMaterialUpdate":false,"showSkybox":true,"showFlares":true,"showImageEffects":true,"showParticleSystems":true},"in2DMode":false,"pivot":{"x":11.018182754516602,"y":0.7227420806884766,"z":0.7511754035949707},"rotation":{"x":-0.31875455379486086,"y":0.5274986624717712,"z":-0.2225959748029709,"w":-0.7553830742835999},"size":18.158111572265626,"orthographic":false}