{"cameraMode":{"drawMode":0,"name":"Shaded","section":"Shading Mode"},"sceneLighting":false,"audioPlay":false,"sceneViewState":{"showFog":true,"showMaterialUpdate":false,"showSkybox":true,"showFlares":true,"showImageEffects":true,"showParticleSystems":true},"in2DMode":false,"pivot":{"x":23.88928985595703,"y":3.8183727264404299,"z":-7.274210453033447},"rotation":{"x":0.37338414788246157,"y":-0.5411986708641052,"z":0.2906852066516876,"w":0.6951640844345093},"size":34.15554428100586,"orthographic":true}