{"cameraMode":{"drawMode":0,"name":"Shaded","section":"Shading Mode"},"sceneLighting":false,"audioPlay":false,"sceneViewState":{"showFog":true,"showMaterialUpdate":false,"showSkybox":false,"showFlares":true,"showImageEffects":true,"showParticleSystems":true},"in2DMode":false,"pivot":{"x":-0.0306396484375,"y":0.302490234375,"z":-0.082763671875},"rotation":{"x":-0.05682186782360077,"y":0.9431242942810059,"z":-0.22630496323108674,"w":-0.23680479824543},"size":2.4858689308166506,"orthographic":true}