{"cameraMode":{"drawMode":0,"name":"Shaded","section":"Shading Mode"},"sceneLighting":false,"audioPlay":false,"sceneViewState":{"showFog":true,"showMaterialUpdate":false,"showSkybox":false,"showFlares":true,"showImageEffects":true,"showParticleSystems":true},"in2DMode":false,"pivot":{"x":0.011234462261199952,"y":1.1781734228134156,"z":-5.960464477539063e-8},"rotation":{"x":-0.3634200096130371,"y":0.29326462745666506,"z":-0.12168983370065689,"w":-0.8758647441864014},"size":5.630451202392578,"orthographic":false}