{"cameraMode":{"drawMode":0,"name":"Shaded","section":"Shading Mode"},"sceneLighting":false,"audioPlay":false,"sceneViewState":{"showFog":true,"showMaterialUpdate":false,"showSkybox":true,"showFlares":true,"showImageEffects":true,"showParticleSystems":true},"in2DMode":false,"pivot":{"x":0.41809844970703127,"y":-19.129493713378908,"z":24.296865463256837},"rotation":{"x":0.2587606608867645,"y":-0.10695207118988037,"z":0.028840623795986177,"w":0.959570050239563},"size":64.61177825927735,"orthographic":true}