{"cameraMode":{"drawMode":0,"name":"Shaded","section":"Shading Mode"},"sceneLighting":false,"audioPlay":false,"sceneViewState":{"showFog":true,"showMaterialUpdate":false,"showSkybox":false,"showFlares":true,"showImageEffects":true,"showParticleSystems":true},"in2DMode":false,"pivot":{"x":5.960464477539063e-8,"y":-0.05199998617172241,"z":-1.1920928955078126e-7},"rotation":{"x":0.13785675168037415,"y":-0.6525198221206665,"z":0.12238112837076187,"w":0.7350345849990845},"size":0.7852521538734436,"orthographic":true}