{"cameraMode":{"drawMode":0,"name":"Shaded","section":"Shading Mode"},"sceneLighting":false,"audioPlay":false,"sceneViewState":{"showFog":true,"showMaterialUpdate":false,"showSkybox":false,"showFlares":true,"showImageEffects":true,"showParticleSystems":true},"in2DMode":false,"pivot":{"x":-0.1569077968597412,"y":1.4772851467132569,"z":0.22499871253967286},"rotation":{"x":-0.35129597783088686,"y":0.27665233612060549,"z":-0.10948194563388825,"w":-0.887747049331665},"size":5.630451202392578,"orthographic":false}