{"cameraMode":{"drawMode":0,"name":"Shaded","section":"Shading Mode"},"sceneLighting":false,"audioPlay":false,"sceneViewState":{"showFog":true,"showMaterialUpdate":false,"showSkybox":true,"showFlares":true,"showImageEffects":true,"showParticleSystems":true},"in2DMode":false,"pivot":{"x":15.538366317749024,"y":-7.666269779205322,"z":12.608717918395996},"rotation":{"x":-0.5797809958457947,"y":-0.2948734760284424,"z":0.23690201342105866,"w":-0.7216610312461853},"size":31.555795669555665,"orthographic":false}