{"cameraMode":{"drawMode":0,"name":"Shaded","section":"Shading Mode"},"sceneLighting":false,"audioPlay":false,"sceneViewState":{"showFog":true,"showMaterialUpdate":true,"showSkybox":false,"showFlares":true,"showImageEffects":true,"showParticleSystems":true},"in2DMode":false,"pivot":{"x":-0.0306396484375,"y":0.302490234375,"z":-0.082763671875},"rotation":{"x":-0.14818675816059113,"y":0.8516789078712463,"z":-0.3471040427684784,"w":-0.3636032044887543},"size":2.4858689308166506,"orthographic":true}