{"cameraMode":{"drawMode":0,"name":"Shaded","section":"Shading Mode"},"sceneLighting":false,"audioPlay":false,"sceneViewState":{"showFog":true,"showMaterialUpdate":false,"showSkybox":true,"showFlares":true,"showImageEffects":true,"showParticleSystems":true},"in2DMode":false,"pivot":{"x":15.891096115112305,"y":0.33479028940200808,"z":1.1532981395721436},"rotation":{"x":-0.1781102418899536,"y":0.6665418744087219,"z":-0.1686418205499649,"w":-0.703966498374939},"size":3.6352477073669435,"orthographic":false}