{"cameraMode":{"drawMode":0,"name":"Shaded","section":"Shading Mode"},"sceneLighting":false,"audioPlay":false,"sceneViewState":{"showFog":true,"showMaterialUpdate":false,"showSkybox":false,"showFlares":true,"showImageEffects":true,"showParticleSystems":true},"in2DMode":false,"pivot":{"x":0.135162353515625,"y":0.0760498046875,"z":-0.25537109375},"rotation":{"x":-0.009931820444762707,"y":0.9772157669067383,"z":-0.20675428211688996,"w":-0.04694241285324097},"size":1.3800009489059449,"orthographic":true}