{"cameraMode":{"drawMode":0,"name":"Shaded","section":"Shading Mode"},"sceneLighting":false,"audioPlay":false,"sceneViewState":{"showFog":true,"showMaterialUpdate":false,"showSkybox":false,"showFlares":true,"showImageEffects":true,"showParticleSystems":true},"in2DMode":false,"pivot":{"x":0.0863037109375,"y":0.25244140625,"z":0.03045654296875},"rotation":{"x":0.22869539260864259,"y":0.4960073232650757,"z":-0.13727429509162904,"w":0.8263370394706726},"size":0.9142401218414307,"orthographic":true}