{"cameraMode":{"drawMode":0,"name":"Shaded","section":"Shading Mode"},"sceneLighting":false,"audioPlay":false,"sceneViewState":{"showFog":true,"showMaterialUpdate":false,"showSkybox":true,"showFlares":true,"showImageEffects":true,"showParticleSystems":true},"in2DMode":false,"pivot":{"x":0.13951492309570313,"y":1.6510515213012696,"z":25.395191192626954},"rotation":{"x":-0.25724101066589358,"y":-0.3686026334762573,"z":0.10691561549901962,"w":-0.886864185333252},"size":5.539556503295898,"orthographic":false}