{"cameraMode":{"drawMode":0,"name":"Shaded","section":"Shading Mode"},"sceneLighting":false,"audioPlay":false,"sceneViewState":{"showFog":true,"showMaterialUpdate":false,"showSkybox":false,"showFlares":true,"showImageEffects":true,"showParticleSystems":true},"in2DMode":false,"pivot":{"x":-0.5,"y":0.14805494248867036,"z":0.5000001192092896},"rotation":{"x":0.3797859847545624,"y":-0.5711994767189026,"z":0.33613353967666628,"w":0.645378053188324},"size":3.104658603668213,"orthographic":true}