{"cameraMode":{"drawMode":0,"name":"Shaded","section":"Shading Mode"},"sceneLighting":false,"audioPlay":false,"sceneViewState":{"showFog":true,"showMaterialUpdate":false,"showSkybox":false,"showFlares":true,"showImageEffects":true,"showParticleSystems":true},"in2DMode":false,"pivot":{"x":0.05712890625,"y":0.3623046875,"z":-0.022216796875},"rotation":{"x":0.11602609604597092,"y":-0.8836356997489929,"z":0.3335094153881073,"w":0.3074099123477936},"size":3.399458408355713,"orthographic":true}