{"cameraMode":{"drawMode":0,"name":"Shaded","section":"Shading Mode"},"sceneLighting":false,"audioPlay":false,"sceneViewState":{"showFog":true,"showMaterialUpdate":false,"showSkybox":true,"showFlares":true,"showImageEffects":true,"showParticleSystems":true},"in2DMode":false,"pivot":{"x":25.158321380615236,"y":10.213485717773438,"z":-1.0500082969665528},"rotation":{"x":0.20192071795463563,"y":-0.23252253234386445,"z":0.04940302297472954,"w":0.950145423412323},"size":76.87310028076172,"orthographic":true}