{"cameraMode":{"drawMode":0,"name":"Shaded","section":"Shading Mode"},"sceneLighting":false,"audioPlay":false,"sceneViewState":{"showFog":true,"showMaterialUpdate":false,"showSkybox":true,"showFlares":true,"showImageEffects":true,"showParticleSystems":true},"in2DMode":false,"pivot":{"x":15.263498306274414,"y":13.757444381713868,"z":-12.98812484741211},"rotation":{"x":0.2095782607793808,"y":-0.6220007538795471,"z":0.17777574062347413,"w":0.7332369089126587},"size":45.69218063354492,"orthographic":true}