{"cameraMode":{"drawMode":0,"name":"Shaded","section":"Shading Mode"},"sceneLighting":false,"audioPlay":false,"sceneViewState":{"showFog":true,"showMaterialUpdate":false,"showSkybox":true,"showFlares":true,"showImageEffects":true,"showParticleSystems":true},"in2DMode":false,"pivot":{"x":1.7911529541015626,"y":-2.260920524597168,"z":3.1042351722717287},"rotation":{"x":-0.14023229479789735,"y":0.6610367894172669,"z":-0.12768657505512238,"w":-0.7259979844093323},"size":29.75040054321289,"orthographic":false}