{"cameraMode":{"drawMode":0,"name":"Shaded","section":"Shading Mode"},"sceneLighting":false,"audioPlay":false,"sceneViewState":{"showFog":true,"showMaterialUpdate":false,"showSkybox":true,"showFlares":true,"showImageEffects":true,"showParticleSystems":true},"in2DMode":false,"pivot":{"x":28.832592010498048,"y":1.614872694015503,"z":3.786748170852661},"rotation":{"x":-0.3485501706600189,"y":0.19939598441123963,"z":-0.07615038007497788,"w":-0.9126644730567932},"size":32.307456970214847,"orthographic":false}