{"cameraMode":{"drawMode":0,"name":"Shaded","section":"Shading Mode"},"sceneLighting":false,"audioPlay":false,"sceneViewState":{"showFog":true,"showMaterialUpdate":false,"showSkybox":true,"showFlares":true,"showImageEffects":true,"showParticleSystems":true},"in2DMode":false,"pivot":{"x":29.65349769592285,"y":1.9371376037597657,"z":0.2678418755531311},"rotation":{"x":-0.2171585112810135,"y":0.05910933017730713,"z":-0.013185098767280579,"w":-0.9742682576179504},"size":3.252042531967163,"orthographic":false}