{"cameraMode":{"drawMode":0,"name":"Shaded","section":"Shading Mode"},"sceneLighting":false,"audioPlay":false,"sceneViewState":{"showFog":true,"showMaterialUpdate":false,"showSkybox":true,"showFlares":true,"showImageEffects":true,"showParticleSystems":true},"in2DMode":false,"pivot":{"x":29.672828674316408,"y":1.923412561416626,"z":0.2167113870382309},"rotation":{"x":-0.41378524899482729,"y":0.3765816390514374,"z":-0.19334951043128968,"w":-0.8059828281402588},"size":89.70117950439453,"orthographic":false}