{"cameraMode":{"drawMode":0,"name":"Shaded","section":"Shading Mode"},"sceneLighting":false,"audioPlay":false,"sceneViewState":{"showFog":true,"showMaterialUpdate":false,"showSkybox":true,"showFlares":true,"showImageEffects":true,"showParticleSystems":true},"in2DMode":false,"pivot":{"x":15.000005722045899,"y":2.6797432899475099,"z":16.410198211669923},"rotation":{"x":0.16478048264980317,"y":-0.6963047385215759,"z":0.1692911684513092,"w":0.6777549982070923},"size":46.310333251953128,"orthographic":true}