{"cameraMode":{"drawMode":0,"name":"Shaded","section":"Shading Mode"},"sceneLighting":false,"audioPlay":false,"sceneViewState":{"showFog":true,"showMaterialUpdate":false,"showSkybox":false,"showFlares":true,"showImageEffects":true,"showParticleSystems":true},"in2DMode":false,"pivot":{"x":0.5326318740844727,"y":3.4702072143554689,"z":1.6487154960632325},"rotation":{"x":-0.3909595012664795,"y":-0.26141414046287539,"z":0.1168554499745369,"w":-0.8747537732124329},"size":15.458638191223145,"orthographic":false}